ID;TIPO;PRECIO;FECHA_INICIO;FECHA_FIN;ID_SUCURSAL;ID_PRODUCTO;CANTIDAD1;CANTIDAD2;DESCUENTO;;;PRECIOS;PRECIOS 4;;id_producto;id_promocion;cantiddad;;id_producto;id_promocion;cantiddad
superandes_sequence.NEXTVAL;1;78370;14/02/19;14/06/19;74;TYR0I7GU3B7CK;4;7;;;;1779;45687;;043641IZ4UU2T;19501;1;;12B087JQ8ST6Q;19501;1
superandes_sequence.NEXTVAL;1;34897;15/02/19;15/06/19;3;Q1UR91KRR7247;6;11;;;;883;14142;;AY4G73SB356IG;19502;1;;XD3SG298J2264;19502;1
superandes_sequence.NEXTVAL;1;77590;16/02/19;16/06/19;29;7D727STO216HI;3;7;;;;1700;35490;;X7FY5X3CK94K4;19503;1;;V23585143706L;19503;1
superandes_sequence.NEXTVAL;1;40375;17/02/19;17/06/19;36;U32BB29C2GHQ9;3;9;;;;2136;5922;;Y2S14258JR7L5;19504;1;;TY6D84W3LUZ0E;19504;1
superandes_sequence.NEXTVAL;1;45238;18/02/19;18/06/19;46;L6HXL489IHQQ8;2;11;;;;4216;16430;;Q2TY70198OX18;19505;1;;H028N0B0D69A7;19505;1
superandes_sequence.NEXTVAL;1;36972;19/02/19;19/06/19;8;0U7S8U5HP013M;6;8;;;;3752;19555;;114S330EG5J39;19506;1;;Z39868VPDGAPW;19506;1
superandes_sequence.NEXTVAL;1;67176;20/02/19;20/06/19;47;11PGT9ZLWDZE9;6;8;;;;4719;11662;;3XF7Z2DELR131;19507;1;;T2HIDUAR08I71;19507;1
superandes_sequence.NEXTVAL;1;67338;21/02/19;21/06/19;94;8ANHY75O52427;3;7;;;;3968;34442;;S2L5A8KD5MO94;19508;1;;1F2K7AJ46M548;19508;1
superandes_sequence.NEXTVAL;1;61784;22/02/19;22/06/19;47;PK40425D3TI4K;6;7;;;;1406;13738;;DUGGA933NPRO8;19509;1;;6P82YWG37LU7K;19509;1
superandes_sequence.NEXTVAL;1;45099;23/02/19;23/06/19;2;905990CCE125K;3;11;;;;2375;20262;;MQXBJ44UEWPOD;19510;1;;6Y07N9QB5X3LF;19510;1
superandes_sequence.NEXTVAL;1;70793;24/02/19;24/06/19;100;42628UOIE8C4M;2;8;;;;760;11778;;N4O03O6GW946W;19511;1;;B0K9Q509X6ZOP;19511;1
superandes_sequence.NEXTVAL;1;34512;25/02/19;25/06/19;17;L734TXUR47S0M;5;9;;;;2212;5404;;4D5YXU3955MX1;19512;1;;ON097NC09UA20;19512;1
superandes_sequence.NEXTVAL;1;33494;26/02/19;26/06/19;45;XKQPY20WA2BJ7;3;8;;;;1009;18295;;BZ1XD2Y10WSZ0;19513;1;;X6GNJ21OGUOHZ;19513;1
superandes_sequence.NEXTVAL;1;68094;27/02/19;27/06/19;57;C2C5Y9648AQ92;4;10;;;;4282;40633;;2065MP9NGZI5Q;19514;1;;37EES71MIE675;19514;1
superandes_sequence.NEXTVAL;1;71087;28/02/19;28/06/19;78;LR3TQLW808885;5;8;;;;2217;47768;;2UR51PQ5YBORG;19515;1;;30Y12804ASI4A;19515;1
superandes_sequence.NEXTVAL;1;45898;1/03/19;29/06/19;88;48166OCZTU494;4;9;;;;1618;47274;;29Y4H47H5L42U;19516;1;;MNO7YAQ488GVI;19516;1
superandes_sequence.NEXTVAL;1;69256;2/03/19;30/06/19;83;2QG853ZQ92UH1;4;7;;;;1882;14578;;IB08B3714643U;19517;1;;ZTY168E13S5Z1;19517;1
superandes_sequence.NEXTVAL;1;36582;3/03/19;1/07/19;21;49PR5C3ISU1L5;2;12;;;;4910;38020;;9378MEO58O8M5;19518;1;;CNIAA7OZ07899;19518;1
superandes_sequence.NEXTVAL;1;40333;4/03/19;2/07/19;18;W0GU2R09154V9;2;12;;;;4498;34499;;6PBKNQFFVQ2TM;19519;1;;TPCE9HH61HHQB;19519;1
superandes_sequence.NEXTVAL;1;64401;5/03/19;3/07/19;60;M21VV3X85E4ND;5;10;;;;4068;20663;;T7D886X7S71S7;19520;1;;KFT9N1USN344P;19520;1
superandes_sequence.NEXTVAL;1;69510;6/03/19;4/07/19;72;22K6OZ6Z63X2J;5;9;;;;4002;20625;;33R8I60VZZ5MX;19521;1;;55MRROP7F9QRY;19521;1
superandes_sequence.NEXTVAL;1;68442;7/03/19;5/07/19;99;L1NX22HJ93P0Q;5;12;;;;3374;26375;;84KDJLS4A21IZ;19522;1;;0B64Z98QLN465;19522;1
superandes_sequence.NEXTVAL;1;65023;8/03/19;6/07/19;10;0536G90MZ3IW2;2;11;;;;4030;47008;;PS6SCNY98B101;19523;1;;CY50I8405HI90;19523;1
superandes_sequence.NEXTVAL;1;55335;9/03/19;7/07/19;10;KALK12EHJH911;2;12;;;;3372;44639;;4YH2D807FHV8Z;19524;1;;M7L59804Z99O6;19524;1
superandes_sequence.NEXTVAL;1;51385;10/03/19;8/07/19;48;8C7G63GJV653Z;3;8;;;;4004;14249;;Z1UK3KL97F705;19525;1;;Z37A7075V76C3;19525;1
superandes_sequence.NEXTVAL;1;38410;11/03/19;9/07/19;82;8C7QH43YF7F0I;4;12;;;;3143;14268;;ZZ6F70B93SN7W;19526;1;;728548W0A4D2N;19526;1
superandes_sequence.NEXTVAL;1;60421;12/03/19;10/07/19;6;P16RA4B3987G2;2;11;;;;775;34040;;YR2YAQUFCKVGB;19527;1;;KG3E2X752LGU0;19527;1
superandes_sequence.NEXTVAL;1;43319;13/03/19;11/07/19;63;54JI6FYH1NRCI;5;10;;;;2604;5900;;C8X5FMFOG22PJ;19528;1;;7BCN8560YG37X;19528;1
superandes_sequence.NEXTVAL;1;60939;14/03/19;12/07/19;21;43U3M3BG69X6S;3;7;;;;1639;48930;;H6M49392H056X;19529;1;;I3XO4PP9Y105Y;19529;1
superandes_sequence.NEXTVAL;1;47235;15/03/19;13/07/19;75;X01R733WH3H06;3;7;;;;4120;48166;;94UZ18SX17WRS;19530;1;;9W8U78I957LJT;19530;1
superandes_sequence.NEXTVAL;1;50988;16/03/19;14/07/19;100;PHYHU365MEON6;4;10;;;;3711;19121;;N6Q90X8W5LC17;19531;1;;99Z68QZ0C9HNT;19531;1
superandes_sequence.NEXTVAL;1;42529;17/03/19;15/07/19;33;896F93A789730;2;12;;;;4566;27507;;9AJ56X7HMZ883;19532;1;;L98TN1J4TE730;19532;1
superandes_sequence.NEXTVAL;1;78331;18/03/19;16/07/19;29;96J696W8NBW41;6;10;;;;4138;34229;;MTXWPSZ1UAN8T;19533;1;;P890DG384DLAB;19533;1
superandes_sequence.NEXTVAL;1;63137;19/03/19;17/07/19;94;7Z4400P2N2T4T;6;9;;;;1585;6550;;QV13069Q8WCNY;19534;1;;6437096U1Z8K1;19534;1
superandes_sequence.NEXTVAL;1;60563;20/03/19;18/07/19;97;2U0H5P3J41OBW;6;7;;;;3003;47979;;01HN617N0T4SK;19535;1;;54QG6GME4210T;19535;1
superandes_sequence.NEXTVAL;1;50392;21/03/19;19/07/19;36;8938B1N346229;3;9;;;;3530;41814;;7GM852UUVQB20;19536;1;;K4B196DFY93R5;19536;1
superandes_sequence.NEXTVAL;1;57066;22/03/19;20/07/19;50;WKGKB9W8B851D;5;10;;;;2392;19032;;DKZ1S9LVU918R;19537;1;;126C308BWF3GN;19537;1
superandes_sequence.NEXTVAL;1;69428;23/03/19;21/07/19;51;CL0LA87NCGHR0;2;11;;;;1181;25654;;B7OHTOR70E5D9;19538;1;;7IH004D7W00LP;19538;1
superandes_sequence.NEXTVAL;1;72791;24/03/19;22/07/19;46;3816XP6HLQ931;3;7;;;;556;42955;;160X11H1U520J;19539;1;;6BVO765Z5RQ3B;19539;1
superandes_sequence.NEXTVAL;1;35846;25/03/19;23/07/19;95;7ION6P5Q91V5X;6;7;;;;1177;35572;;WV5Z0E9IGRV65;19540;1;;G51181V9H613E;19540;1
superandes_sequence.NEXTVAL;1;32967;26/03/19;24/07/19;52;60G6MD213DES6;5;10;;;;1010;33506;;Z34P10397AEED;19541;1;;1W1HW3Y9YL6I3;19541;1
superandes_sequence.NEXTVAL;1;51484;27/03/19;25/07/19;28;X044QHH8JNR6A;6;9;;;;698;15443;;4L0XX1Y862B58;19542;1;;V1KY1OS77N80R;19542;1
superandes_sequence.NEXTVAL;1;73260;28/03/19;26/07/19;55;450B8KDV13Z55;4;8;;;;1702;8195;;9ZZUFYCJ5R503;19543;1;;U59B995Q1Y30W;19543;1
superandes_sequence.NEXTVAL;1;78031;29/03/19;27/07/19;34;HI8NT8F4T70S9;6;12;;;;2246;15712;;HNG0H51X9V2W1;19544;1;;B286QHHG4Y5Z3;19544;1
superandes_sequence.NEXTVAL;1;38755;30/03/19;28/07/19;71;775N56ET69EM8;2;11;;;;2134;10111;;84IRPZ9K635HI;19545;1;;NB9I224V3X7Z3;19545;1
superandes_sequence.NEXTVAL;1;75805;31/03/19;29/07/19;55;74S460X2QC6G3;4;12;;;;2854;28594;;2R878KBF7A226;19546;1;;O8Z1K8DT55AR5;19546;1
superandes_sequence.NEXTVAL;1;64212;1/04/19;30/07/19;12;RLP531SIA1Z87;5;12;;;;1562;22907;;34M2JF99AX695;19547;1;;JNXG1WC24U3L2;19547;1
superandes_sequence.NEXTVAL;1;32720;2/04/19;31/07/19;69;O03HUWR8S9L3J;6;12;;;;824;46707;;1477BPX2M92A2;19548;1;;V052J46PRTLZM;19548;1
superandes_sequence.NEXTVAL;1;70696;3/04/19;1/08/19;2;02075N1D1T7R4;5;10;;;;4852;17917;;71RV39S8FZ1S3;19549;1;;8DTU11QYLK7OD;19549;1
superandes_sequence.NEXTVAL;1;32739;4/04/19;2/08/19;56;3A61H36UASV9O;5;10;;;;4132;39992;;9559WY89ZN02H;19550;1;;48748JKRB9WMB;19550;1
superandes_sequence.NEXTVAL;1;43582;5/04/19;3/08/19;48;IOE5O17SL4IP4;4;9;;;;1394;21899;;20370A2J109N2;19551;1;;BV4GLS4ZSZ3DI;19551;1
superandes_sequence.NEXTVAL;1;46396;6/04/19;4/08/19;60;E627I058LLMO5;6;8;;;;1035;43814;;38K56L44JM20W;19552;1;;8TMF2419TWEOZ;19552;1
superandes_sequence.NEXTVAL;1;46215;7/04/19;5/08/19;56;SJ8SF6MS6N9L6;4;7;;;;3305;19994;;4V16JK21XYNBM;19553;1;;OBE7R0437W9M8;19553;1
superandes_sequence.NEXTVAL;1;35863;8/04/19;6/08/19;3;81VI8968MWCVE;5;7;;;;2649;6094;;H4G96U2MZI5EP;19554;1;;B0L011E665C49;19554;1
superandes_sequence.NEXTVAL;1;49734;9/04/19;7/08/19;91;0LN2LWPCD69YI;3;9;;;;3819;14006;;OA8SQQ9OAJ1UJ;19555;1;;JT03W6I709B22;19555;1
superandes_sequence.NEXTVAL;1;78411;10/04/19;8/08/19;58;BYDVJH8V23V14;2;10;;;;4226;45106;;9C3K487E03B8S;19556;1;;4WQ2TJ10W772M;19556;1
superandes_sequence.NEXTVAL;1;70156;11/04/19;9/08/19;95;0F9XW06E173GL;6;11;;;;1235;13838;;0MJN6353JAM9U;19557;1;;3J8LFWV9M4XPN;19557;1
superandes_sequence.NEXTVAL;1;66807;12/04/19;10/08/19;68;159YJHQYD3BHI;5;10;;;;3891;26405;;R818E4D98S632;19558;1;;6228Y990KH3SV;19558;1
superandes_sequence.NEXTVAL;1;55685;13/04/19;11/08/19;17;R9UPRZ1OZ82AY;3;7;;;;3344;27991;;4G7XQW6J8N7BJ;19559;1;;XH65MCNGDF0ZB;19559;1
superandes_sequence.NEXTVAL;1;66540;14/04/19;12/08/19;15;E647MJJWTNC35;5;7;;;;775;43027;;E0B7GQ708XBYQ;19560;1;;31QN5K0G91E7A;19560;1
superandes_sequence.NEXTVAL;1;77224;15/04/19;13/08/19;77;VXJOAUZXASBQW;5;9;;;;4309;13503;;9GJD560368T7D;19561;1;;2H25F9E38W61D;19561;1
superandes_sequence.NEXTVAL;1;44968;16/04/19;14/08/19;17;VWXE18ODL2U8R;5;9;;;;593;43018;;1F2ZU8G8H137R;19562;1;;DN0R20YCBALQ7;19562;1
superandes_sequence.NEXTVAL;1;65309;17/04/19;15/08/19;44;U107IY0WLEZCP;2;11;;;;4747;36039;;SPU7X3GH70ZJU;19563;1;;7U95T1GR6870V;19563;1
superandes_sequence.NEXTVAL;1;68054;18/04/19;16/08/19;80;31VP0YRG524TL;2;12;;;;2044;30876;;7R733208BKFT2;19564;1;;W87WV38ZY35KS;19564;1
superandes_sequence.NEXTVAL;1;36089;19/04/19;17/08/19;24;5619QYM5YA6O6;3;10;;;;1065;39386;;52B966FT81XZP;19565;1;;V8P7D05L0SA27;19565;1
superandes_sequence.NEXTVAL;1;37434;20/04/19;18/08/19;20;84C9KUHN28LR3;6;7;;;;3148;19554;;9LZF3GJO949L3;19566;1;;T1Q1Q79C8YV86;19566;1
superandes_sequence.NEXTVAL;1;69941;21/04/19;19/08/19;63;4040A0MXNQC5T;2;11;;;;4803;18610;;57XR5S11E74JJ;19567;1;;1U705B18BH0L3;19567;1
superandes_sequence.NEXTVAL;1;40658;22/04/19;20/08/19;22;556CINWHC565E;3;8;;;;3292;6142;;LUUXF1RQKDQ5H;19568;1;;11Z7099R2XK9S;19568;1
superandes_sequence.NEXTVAL;1;42425;23/04/19;21/08/19;23;U96XSH4859JNJ;4;9;;;;2385;37918;;RUTC5L2I2882C;19569;1;;SD3WK526A1C7C;19569;1
superandes_sequence.NEXTVAL;1;77784;24/04/19;22/08/19;47;TZNK6E2Y2I3H6;6;8;;;;2847;35802;;1892F82AYC316;19570;1;;0O4FI591X9L14;19570;1
superandes_sequence.NEXTVAL;1;43482;25/04/19;23/08/19;52;MZ537X37KD2VC;3;11;;;;3512;19782;;TO7XFVC6R7101;19571;1;;7L0OZOS5P5HG3;19571;1
superandes_sequence.NEXTVAL;1;53383;26/04/19;24/08/19;87;W6M366NDG61ZX;6;8;;;;4777;29330;;2T8I53WH040NU;19572;1;;K7SR810H50TCJ;19572;1
superandes_sequence.NEXTVAL;1;30499;27/04/19;25/08/19;73;5N40SIMR5K19O;3;8;;;;4416;36413;;94SY055C25764;19573;1;;K309H7790D5RM;19573;1
superandes_sequence.NEXTVAL;1;68445;28/04/19;26/08/19;72;7G2ID14CZ23Z6;3;12;;;;4548;20342;;6L61MIYBRNIN7;19574;1;;1480ZGZJTSMFQ;19574;1
superandes_sequence.NEXTVAL;1;43888;29/04/19;27/08/19;7;P8Y3TC36NZ4LL;2;9;;;;4715;47077;;DC68F43SG0PM9;19575;1;;TB8PBEM3C48L9;19575;1
superandes_sequence.NEXTVAL;1;52222;30/04/19;28/08/19;24;HO0O5YFMO38QG;5;12;;;;4140;33691;;00406Y19J2G21;19576;1;;P30J68BUNJS0U;19576;1
superandes_sequence.NEXTVAL;1;31161;1/05/19;29/08/19;71;TRGTY277EDS95;6;12;;;;4537;12764;;3A8PC4V1K38Z2;19577;1;;FUWS953774SPX;19577;1
superandes_sequence.NEXTVAL;1;51084;2/05/19;30/08/19;8;CXOY4E5H3BKD3;4;9;;;;1572;37379;;H5NQB86IHR957;19578;1;;J4T57CP4072K9;19578;1
superandes_sequence.NEXTVAL;1;48782;3/05/19;31/08/19;19;PSLNJC066Q10C;4;7;;;;1887;22179;;B8795K10Z0ETK;19579;1;;Y9WQ924787120;19579;1
superandes_sequence.NEXTVAL;1;38425;4/05/19;1/09/19;68;7E2IL11OXS7IR;5;12;;;;4469;26189;;956BAJ5UAOVD2;19580;1;;7KWV3NRW960X0;19580;1
superandes_sequence.NEXTVAL;1;36014;5/05/19;2/09/19;11;E31V6N377L13X;5;12;;;;3284;20139;;E7870UGT26G18;19581;1;;T6OM6PJ6E4Z29;19581;1
superandes_sequence.NEXTVAL;1;39198;6/05/19;3/09/19;9;Y76TY1I929BFO;4;10;;;;1033;46513;;4GZMXZQNA729C;19582;1;;8BTM5DVRNLYBA;19582;1
superandes_sequence.NEXTVAL;1;34847;7/05/19;4/09/19;55;1987M4UC7U5YO;5;8;;;;599;39682;;355K3C012058C;19583;1;;4B2Z1JJ322JPE;19583;1
superandes_sequence.NEXTVAL;1;53718;8/05/19;5/09/19;43;XX8BV2C87S1VK;4;11;;;;613;21761;;G4W8PB938QM58;19584;1;;P66V4Y8RMV9Q1;19584;1
superandes_sequence.NEXTVAL;1;39620;9/05/19;6/09/19;82;G0A212V0DYV9B;2;11;;;;1001;33031;;B643KX93H5V8X;19585;1;;IQYYD1E29WA53;19585;1
superandes_sequence.NEXTVAL;1;74570;10/05/19;7/09/19;84;TGJ281887840N;3;9;;;;2949;30835;;LLM9D8925U755;19586;1;;SSIYTAPP2200G;19586;1
superandes_sequence.NEXTVAL;1;34405;11/05/19;8/09/19;4;1QA76T8324GHM;4;7;;;;3953;19448;;95BA9744J1889;19587;1;;5EHU57W1NE2HA;19587;1
superandes_sequence.NEXTVAL;1;55713;12/05/19;9/09/19;51;FTDY34Q16KPZ7;2;9;;;;3270;7957;;09144H0349AY6;19588;1;;T1119ZR2IP1D1;19588;1
superandes_sequence.NEXTVAL;1;68540;13/05/19;10/09/19;67;XVK11E5X502N9;2;10;;;;4272;16060;;8X9Q0711OU57C;19589;1;;48MDK94DZ7475;19589;1
superandes_sequence.NEXTVAL;1;71359;14/05/19;11/09/19;44;W1SH7W41BS2Y8;5;8;;;;3663;11775;;99MC237368OEO;19590;1;;912S7DR418515;19590;1
superandes_sequence.NEXTVAL;1;55139;15/05/19;12/09/19;23;98R04SEQ35ST7;3;9;;;;1617;36646;;U08XX6Z4W73LD;19591;1;;7W5UP09UN7P8C;19591;1
superandes_sequence.NEXTVAL;1;45448;16/05/19;13/09/19;36;69A1Q939C1OTQ;2;8;;;;640;23006;;V005VHW41M615;19592;1;;4XSES5242MS78;19592;1
superandes_sequence.NEXTVAL;1;75659;17/05/19;14/09/19;13;6427E51205P8Z;4;12;;;;1775;42294;;A0HH3J4QL68F2;19593;1;;1BSTG7TDQ4QHN;19593;1
superandes_sequence.NEXTVAL;1;37764;18/05/19;15/09/19;54;R9130NFK9V062;2;8;;;;3631;21187;;T3Z1WI6398D9F;19594;1;;I2K57W9R79HQ1;19594;1
superandes_sequence.NEXTVAL;1;35099;19/05/19;16/09/19;25;G16M27B6F571I;4;7;;;;1400;27832;;3EAHEFU25493W;19595;1;;1GST0IW5SY760;19595;1
superandes_sequence.NEXTVAL;1;48395;20/05/19;17/09/19;68;DPL7DR49MMPJC;3;12;;;;987;31974;;5F838K285FQZ2;19596;1;;MS3J52HGV47MI;19596;1
superandes_sequence.NEXTVAL;1;38176;21/05/19;18/09/19;4;681H59O0UN508;4;11;;;;988;25213;;6612U7JLKJKD5;19597;1;;Y2C95A0LMHT41;19597;1
superandes_sequence.NEXTVAL;1;33700;22/05/19;19/09/19;77;1910284Z33CY3;2;9;;;;1831;13613;;Y3D78CPG3UQAB;19598;1;;65I4N2T71200T;19598;1
superandes_sequence.NEXTVAL;1;35354;23/05/19;20/09/19;45;0H89Y5413G414;3;11;;;;509;46820;;3A5KL883B2N4X;19599;1;;8233I1MP55IG4;19599;1
superandes_sequence.NEXTVAL;1;20856;24/05/19;21/09/19;40;1P619GB43KUJM;6;12;;;;2616;34152;;008ZQVSEIE972;19600;1;;QCCCTEDSN5D7U;19600;1
superandes_sequence.NEXTVAL;2;1227,51;25/05/19;22/09/19;27;QT19DY5X8RFHA;;;69;;;;;;;;;;;;
superandes_sequence.NEXTVAL;2;538,63;26/05/19;23/09/19;74;00O9R3S83J5FW;;;61;;;;;;;;;;;;
superandes_sequence.NEXTVAL;2;1173;27/05/19;24/09/19;38;YYB2L5OPJC8KT;;;69;;;;;;;;;;;;
superandes_sequence.NEXTVAL;2;448,56;28/05/19;25/09/19;65;205133M7JYS5F;;;21;;;;;;;;;;;;
superandes_sequence.NEXTVAL;2;2360,96;29/05/19;26/09/19;81;WRSRCVX7LOE4L;;;56;;;;;;;;;;;;
superandes_sequence.NEXTVAL;2;2026,08;30/05/19;27/09/19;40;33M3EGL6BG58U;;;54;;;;;;;;;;;;
superandes_sequence.NEXTVAL;2;755,04;31/05/19;28/09/19;79;948IKQZ5S6MM8;;;16;;;;;;;;;;;;
superandes_sequence.NEXTVAL;2;952,32;1/06/19;29/09/19;71;6W2TG5292UBU9;;;24;;;;;;;;;;;;
superandes_sequence.NEXTVAL;2;140,6;2/06/19;30/09/19;45;363QBAQYWPE97;;;10;;;;;;;;;;;;
superandes_sequence.NEXTVAL;2;498,75;3/06/19;1/10/19;27;L2BZIAEL57P13;;;21;;;;;;;;;;;;
superandes_sequence.NEXTVAL;2;220,4;4/06/19;2/10/19;46;H0LTJKB4P4COZ;;;29;;;;;;;;;;;;
superandes_sequence.NEXTVAL;2;1482,04;5/06/19;3/10/19;26;D7JEFWKZ2SO06;;;67;;;;;;;;;;;;
superandes_sequence.NEXTVAL;2;312,79;6/06/19;4/10/19;12;FA687P199QN63;;;31;;;;;;;;;;;;
superandes_sequence.NEXTVAL;2;1498,7;7/06/19;5/10/19;97;A11592I1990WJ;;;35;;;;;;;;;;;;
superandes_sequence.NEXTVAL;2;443,4;8/06/19;6/10/19;11;7IAA9AK43KJ5C;;;20;;;;;;;;;;;;
superandes_sequence.NEXTVAL;2;776,64;9/06/19;7/10/19;2;6AGXU2MX84HI6;;;48;;;;;;;;;;;;
superandes_sequence.NEXTVAL;2;1317,4;10/06/19;8/10/19;35;Y48PVR25R6DLC;;;70;;;;;;;;;;;;
superandes_sequence.NEXTVAL;2;2602,3;11/06/19;9/10/19;24;KF1FWYI63CP11;;;53;;;;;;;;;;;;
superandes_sequence.NEXTVAL;2;3508,44;12/06/19;10/10/19;74;6XG6H2YP0C1H0;;;78;;;;;;;;;;;;
superandes_sequence.NEXTVAL;2;3091,68;13/06/19;11/10/19;50;8C0524R2DO1VF;;;76;;;;;;;;;;;;
superandes_sequence.NEXTVAL;2;2281,14;14/06/19;12/10/19;72;7YXG5894967J6;;;57;;;;;;;;;;;;
superandes_sequence.NEXTVAL;2;1450,82;15/06/19;13/10/19;49;4ESC2P5MR175S;;;43;;;;;;;;;;;;
superandes_sequence.NEXTVAL;2;483,6;16/06/19;14/10/19;26;B32659K59A0F2;;;12;;;;;;;;;;;;
superandes_sequence.NEXTVAL;2;1955,76;17/06/19;15/10/19;82;JB492A7420BA8;;;58;;;;;;;;;;;;
superandes_sequence.NEXTVAL;2;680,68;18/06/19;16/10/19;77;2H93733Z3N0RE;;;17;;;;;;;;;;;;
superandes_sequence.NEXTVAL;2;1005,76;19/06/19;17/10/19;62;5W27042P0W3I6;;;32;;;;;;;;;;;;
superandes_sequence.NEXTVAL;2;511,5;20/06/19;18/10/19;41;8N6WCDKJH8YVW;;;66;;;;;;;;;;;;
superandes_sequence.NEXTVAL;2;911,4;21/06/19;19/10/19;31;69L206N31Z45I;;;35;;;;;;;;;;;;
superandes_sequence.NEXTVAL;2;901,45;22/06/19;20/10/19;46;08883QGD48C5I;;;55;;;;;;;;;;;;
superandes_sequence.NEXTVAL;2;3090;23/06/19;21/10/19;65;49C96A0GCA61P;;;75;;;;;;;;;;;;
superandes_sequence.NEXTVAL;2;2300,82;24/06/19;22/10/19;78;FXU581J2UCYFN;;;62;;;;;;;;;;;;
superandes_sequence.NEXTVAL;2;1506,78;25/06/19;23/10/19;95;UT25T073OB2WR;;;33;;;;;;;;;;;;
superandes_sequence.NEXTVAL;2;3062,12;26/06/19;24/10/19;89;A97M761YO6H00;;;74;;;;;;;;;;;;
superandes_sequence.NEXTVAL;2;301,15;27/06/19;25/10/19;2;6V4M92Z817XMW;;;19;;;;;;;;;;;;
superandes_sequence.NEXTVAL;2;990,99;28/06/19;26/10/19;50;1I713B92XDQT0;;;33;;;;;;;;;;;;
superandes_sequence.NEXTVAL;2;1306,1;29/06/19;27/10/19;43;76JIX763R4ZLA;;;37;;;;;;;;;;;;
superandes_sequence.NEXTVAL;2;1172,08;30/06/19;28/10/19;78;MCHMY9046L25S;;;49;;;;;;;;;;;;
superandes_sequence.NEXTVAL;2;791,27;1/07/19;29/10/19;40;216B7WB60U7FR;;;67;;;;;;;;;;;;
superandes_sequence.NEXTVAL;2;389,2;2/07/19;30/10/19;58;86S8ITFBCJ0R3;;;70;;;;;;;;;;;;
superandes_sequence.NEXTVAL;2;235,4;3/07/19;31/10/19;81;9F637JS35PWR0;;;20;;;;;;;;;;;;
superandes_sequence.NEXTVAL;2;101;4/07/19;1/11/19;43;ZS22D3D4QW3H8;;;10;;;;;;;;;;;;
superandes_sequence.NEXTVAL;2;537,46;5/07/19;2/11/19;33;P5SVM6Z71UYP8;;;77;;;;;;;;;;;;
superandes_sequence.NEXTVAL;2;289,34;6/07/19;3/11/19;45;3S790A67218I2;;;17;;;;;;;;;;;;
superandes_sequence.NEXTVAL;2;1257,76;7/07/19;4/11/19;33;IW66WD44M88FT;;;56;;;;;;;;;;;;
superandes_sequence.NEXTVAL;2;1195,04;8/07/19;5/11/19;42;02CT3IL017AB6;;;56;;;;;;;;;;;;
superandes_sequence.NEXTVAL;2;513,72;9/07/19;6/11/19;52;2C6YXG8J1DR24;;;18;;;;;;;;;;;;
superandes_sequence.NEXTVAL;2;1233,98;10/07/19;7/11/19;59;1CWKFQL06K94B;;;79;;;;;;;;;;;;
superandes_sequence.NEXTVAL;2;354,32;11/07/19;8/11/19;96;94D05MW3GX166;;;43;;;;;;;;;;;;
superandes_sequence.NEXTVAL;2;582,24;12/07/19;9/11/19;56;9X5HF54XR6029;;;12;;;;;;;;;;;;
superandes_sequence.NEXTVAL;2;454,52;13/07/19;10/11/19;74;R8YMK7I80PE35;;;11;;;;;;;;;;;;
superandes_sequence.NEXTVAL;2;334,56;14/07/19;11/11/19;5;L492XPH13NG30;;;24;;;;;;;;;;;;
superandes_sequence.NEXTVAL;2;382,95;15/07/19;12/11/19;25;WT95L47DL28M1;;;37;;;;;;;;;;;;
superandes_sequence.NEXTVAL;2;958,45;16/07/19;13/11/19;7;M60X73L378R31;;;29;;;;;;;;;;;;
superandes_sequence.NEXTVAL;2;1748,34;17/07/19;14/11/19;6;4X9245750UV47;;;66;;;;;;;;;;;;
superandes_sequence.NEXTVAL;2;1909,5;18/07/19;15/11/19;98;A7XYC6GMDBVL9;;;50;;;;;;;;;;;;
superandes_sequence.NEXTVAL;2;802,94;19/07/19;16/11/19;57;9ZC8I9SEQYE9U;;;19;;;;;;;;;;;;
superandes_sequence.NEXTVAL;2;271,7;20/07/19;17/11/19;49;67GQAQH898P71;;;22;;;;;;;;;;;;
superandes_sequence.NEXTVAL;2;3073,89;21/07/19;18/11/19;36;23AZQ9IMZEEV7;;;79;;;;;;;;;;;;
superandes_sequence.NEXTVAL;2;1471,36;22/07/19;19/11/19;54;A9N91A3801602;;;44;;;;;;;;;;;;
superandes_sequence.NEXTVAL;2;85,25;23/07/19;20/11/19;25;PHQ93E20S8BLW;;;11;;;;;;;;;;;;
superandes_sequence.NEXTVAL;2;2197,59;24/07/19;21/11/19;48;6H85WU2I80253;;;51;;;;;;;;;;;;
superandes_sequence.NEXTVAL;2;171,97;25/07/19;22/11/19;59;1FD3TQ8H1UGEW;;;29;;;;;;;;;;;;
superandes_sequence.NEXTVAL;2;522,17;26/07/19;23/11/19;33;12YK242HIU3I9;;;11;;;;;;;;;;;;
superandes_sequence.NEXTVAL;2;1349,04;27/07/19;24/11/19;91;YL781PR5V02Y2;;;66;;;;;;;;;;;;
superandes_sequence.NEXTVAL;2;500,55;28/07/19;25/11/19;73;T0AZTFEJ87GWL;;;47;;;;;;;;;;;;
superandes_sequence.NEXTVAL;2;1227,72;29/07/19;26/11/19;17;68ROVS7T6FZ69;;;39;;;;;;;;;;;;
superandes_sequence.NEXTVAL;2;2161,35;30/07/19;27/11/19;26;6Q1876O19D12S;;;45;;;;;;;;;;;;
superandes_sequence.NEXTVAL;2;1250,96;31/07/19;28/11/19;86;Q0IY3024G2Q7D;;;38;;;;;;;;;;;;
superandes_sequence.NEXTVAL;2;1597,95;1/08/19;29/11/19;24;RV57Q8NYKUF1R;;;67;;;;;;;;;;;;
superandes_sequence.NEXTVAL;2;1850,55;2/08/19;30/11/19;68;K46R85S920OIH;;;65;;;;;;;;;;;;
superandes_sequence.NEXTVAL;2;2107,2;3/08/19;1/12/19;2;3P3C4SFG3IXQ6;;;60;;;;;;;;;;;;
superandes_sequence.NEXTVAL;2;2770,66;4/08/19;2/12/19;91;4S3J2DGOC7H47;;;58;;;;;;;;;;;;
superandes_sequence.NEXTVAL;2;3444,48;5/08/19;3/12/19;38;48VO98FJ91494;;;78;;;;;;;;;;;;
superandes_sequence.NEXTVAL;2;2001,12;6/08/19;4/12/19;15;5XY39HS804J5P;;;44;;;;;;;;;;;;
superandes_sequence.NEXTVAL;2;1037,3;7/08/19;5/12/19;77;114GX4LSA48FO;;;22;;;;;;;;;;;;
superandes_sequence.NEXTVAL;2;1531,8;8/08/19;6/12/19;40;CZKL1D1JV7MWR;;;37;;;;;;;;;;;;
superandes_sequence.NEXTVAL;2;1633,32;9/08/19;7/12/19;71;402YF4KUHD3R6;;;36;;;;;;;;;;;;
superandes_sequence.NEXTVAL;2;707,4;10/08/19;8/12/19;2;11QVL5I9UTG1W;;;45;;;;;;;;;;;;
superandes_sequence.NEXTVAL;2;1283,16;11/08/19;9/12/19;11;F7J4ZLR3NAR7P;;;68;;;;;;;;;;;;
superandes_sequence.NEXTVAL;2;2055,74;12/08/19;10/12/19;20;5NN8J43XSH476;;;46;;;;;;;;;;;;
superandes_sequence.NEXTVAL;2;2003,24;13/08/19;11/12/19;54;BU7BIED82508W;;;61;;;;;;;;;;;;
superandes_sequence.NEXTVAL;2;402,87;14/08/19;12/12/19;96;21OV53H5R2242;;;39;;;;;;;;;;;;
superandes_sequence.NEXTVAL;2;323,46;15/08/19;13/12/19;17;L4V74454S4114;;;54;;;;;;;;;;;;
superandes_sequence.NEXTVAL;2;343,28;16/08/19;14/12/19;2;TQZXZ21174TI3;;;56;;;;;;;;;;;;
superandes_sequence.NEXTVAL;2;470,47;17/08/19;15/12/19;20;J52ZQ5GZAJ5GN;;;47;;;;;;;;;;;;
superandes_sequence.NEXTVAL;2;589,8;18/08/19;16/12/19;78;Z78JYD71PCI8J;;;20;;;;;;;;;;;;
superandes_sequence.NEXTVAL;2;1778,85;19/08/19;17/12/19;17;EMTEWD22T75EK;;;45;;;;;;;;;;;;
superandes_sequence.NEXTVAL;2;1079,1;20/08/19;18/12/19;10;L7L338P9ZHIA1;;;33;;;;;;;;;;;;
superandes_sequence.NEXTVAL;2;1025,28;21/08/19;19/12/19;56;IO6R2R745J055;;;24;;;;;;;;;;;;
superandes_sequence.NEXTVAL;2;1721,61;22/08/19;20/12/19;47;8T19L6519590Y;;;47;;;;;;;;;;;;
superandes_sequence.NEXTVAL;2;970,2;23/08/19;21/12/19;100;RRE4S25K10369;;;60;;;;;;;;;;;;
superandes_sequence.NEXTVAL;2;108,8;24/08/19;22/12/19;52;770X8196FJ328;;;17;;;;;;;;;;;;
superandes_sequence.NEXTVAL;2;976,25;25/08/19;23/12/19;73;G71E3ENWAX42R;;;55;;;;;;;;;;;;
superandes_sequence.NEXTVAL;2;1379,78;26/08/19;24/12/19;94;DAV304E65H7ZP;;;38;;;;;;;;;;;;
superandes_sequence.NEXTVAL;2;588;27/08/19;25/12/19;42;56NG16S5H57I4;;;42;;;;;;;;;;;;
superandes_sequence.NEXTVAL;2;651,42;28/08/19;26/12/19;49;1TYW376F298WE;;;66;;;;;;;;;;;;
superandes_sequence.NEXTVAL;2;543,4;29/08/19;27/12/19;65;D50576WQ687N9;;;55;;;;;;;;;;;;
superandes_sequence.NEXTVAL;2;860,57;30/08/19;28/12/19;76;231OEQ81P4W82;;;47;;;;;;;;;;;;
superandes_sequence.NEXTVAL;2;320,67;31/08/19;29/12/19;7;01911QLB0HQVQ;;;63;;;;;;;;;;;;
superandes_sequence.NEXTVAL;2;366,24;1/09/19;30/12/19;90;I9N7TRDGHI5W4;;;14;;;;;;;;;;;;
superandes_sequence.NEXTVAL;3;34792;2/09/19;31/12/19;81;I9FN58S382214;703;2118;;;;;;;;;;;;;
superandes_sequence.NEXTVAL;3;35876;3/09/19;1/01/20;41;VCV6D234UF06W;940;2337;;;;;;;;;;;;;
superandes_sequence.NEXTVAL;3;44532;4/09/19;2/01/20;82;22DVV581BH199;752;2693;;;;;;;;;;;;;
superandes_sequence.NEXTVAL;3;43884;5/09/19;3/01/20;18;9973UMHEC7J25;836;1736;;;;;;;;;;;;;
superandes_sequence.NEXTVAL;3;34102;6/09/19;4/01/20;15;M783AR395GS48;384;1640;;;;;;;;;;;;;
superandes_sequence.NEXTVAL;3;33981;7/09/19;5/01/20;36;O2312UP3IKE10;504;2525;;;;;;;;;;;;;
superandes_sequence.NEXTVAL;3;31758;8/09/19;6/01/20;24;H3U5UGWO30HFX;705;2625;;;;;;;;;;;;;
superandes_sequence.NEXTVAL;3;68042;9/09/19;7/01/20;74;E355059F2K7R4;571;2211;;;;;;;;;;;;;
superandes_sequence.NEXTVAL;3;41506;10/09/19;8/01/20;31;MRVZ44L2B92V7;224;1647;;;;;;;;;;;;;
superandes_sequence.NEXTVAL;3;71002;11/09/19;9/01/20;59;V90R0HE51N3P1;135;2763;;;;;;;;;;;;;
superandes_sequence.NEXTVAL;3;63040;12/09/19;10/01/20;2;5Y9715738E84G;196;2772;;;;;;;;;;;;;
superandes_sequence.NEXTVAL;3;78751;13/09/19;11/01/20;39;V76G543R1KLMH;831;2142;;;;;;;;;;;;;
superandes_sequence.NEXTVAL;3;49615;14/09/19;12/01/20;4;7355PHMI036J6;834;1664;;;;;;;;;;;;;
superandes_sequence.NEXTVAL;3;69578;15/09/19;13/01/20;85;5EQQ2K07YF7HN;931;1764;;;;;;;;;;;;;
superandes_sequence.NEXTVAL;3;61447;16/09/19;14/01/20;75;Z377X73S25G5A;954;1683;;;;;;;;;;;;;
superandes_sequence.NEXTVAL;3;38596;17/09/19;15/01/20;16;WRDC438KJ9G8W;555;2787;;;;;;;;;;;;;
superandes_sequence.NEXTVAL;3;54084;18/09/19;16/01/20;62;5523V8OZ3GA7N;877;1801;;;;;;;;;;;;;
superandes_sequence.NEXTVAL;3;43277;19/09/19;17/01/20;95;5AT5RCI0D3G32;515;1805;;;;;;;;;;;;;
superandes_sequence.NEXTVAL;3;74176;20/09/19;18/01/20;100;26QKRS58471Z5;709;2250;;;;;;;;;;;;;
superandes_sequence.NEXTVAL;3;61272;21/09/19;19/01/20;73;78LS6V3UKGDNW;448;2514;;;;;;;;;;;;;
superandes_sequence.NEXTVAL;3;56080;22/09/19;20/01/20;47;7Q66FK4ECQ01Y;189;1532;;;;;;;;;;;;;
superandes_sequence.NEXTVAL;3;33054;23/09/19;21/01/20;3;CE3S7SZ3N73HO;550;2223;;;;;;;;;;;;;
superandes_sequence.NEXTVAL;3;41508;24/09/19;22/01/20;69;5HKV0J23HK0WV;749;2258;;;;;;;;;;;;;
superandes_sequence.NEXTVAL;3;43770;25/09/19;23/01/20;90;VQ8RI19FXA6CP;930;2589;;;;;;;;;;;;;
superandes_sequence.NEXTVAL;3;33483;26/09/19;24/01/20;57;6FYQG60A0HWA0;901;2777;;;;;;;;;;;;;
superandes_sequence.NEXTVAL;3;58136;27/09/19;25/01/20;66;9YF411293D232;829;2941;;;;;;;;;;;;;
superandes_sequence.NEXTVAL;3;67720;28/09/19;26/01/20;27;7XTZS43J9G649;351;1849;;;;;;;;;;;;;
superandes_sequence.NEXTVAL;3;33885;29/09/19;27/01/20;22;U0P547987QW4F;879;2720;;;;;;;;;;;;;
superandes_sequence.NEXTVAL;3;71243;30/09/19;28/01/20;12;X7CV2531302SN;550;1810;;;;;;;;;;;;;
superandes_sequence.NEXTVAL;3;77039;1/10/19;29/01/20;72;33724M1F95N18;140;1886;;;;;;;;;;;;;
superandes_sequence.NEXTVAL;3;78592;2/10/19;30/01/20;39;FOT4102XQ1478;122;2158;;;;;;;;;;;;;
superandes_sequence.NEXTVAL;3;75272;3/10/19;31/01/20;48;PT6K3G99OBTJ7;116;2401;;;;;;;;;;;;;
superandes_sequence.NEXTVAL;3;42280;4/10/19;1/02/20;92;9553A7Y3A1A76;185;1747;;;;;;;;;;;;;
superandes_sequence.NEXTVAL;3;65361;5/10/19;2/02/20;92;40016M507KFZF;218;2927;;;;;;;;;;;;;
superandes_sequence.NEXTVAL;3;46659;6/10/19;3/02/20;41;W2J97K7947JXY;259;2801;;;;;;;;;;;;;
superandes_sequence.NEXTVAL;3;79013;7/10/19;4/02/20;70;S9S0TG93B9XCM;729;1896;;;;;;;;;;;;;
superandes_sequence.NEXTVAL;3;77022;8/10/19;5/02/20;40;XIT8OZ2ZVS0BU;705;2007;;;;;;;;;;;;;
superandes_sequence.NEXTVAL;3;33792;9/10/19;6/02/20;20;L1R1Y829D5085;341;2326;;;;;;;;;;;;;
superandes_sequence.NEXTVAL;3;56785;10/10/19;7/02/20;37;2BJI01Y5D6I2J;981;1568;;;;;;;;;;;;;
superandes_sequence.NEXTVAL;3;35520;11/10/19;8/02/20;18;0G214945MJ25K;945;2833;;;;;;;;;;;;;
superandes_sequence.NEXTVAL;3;43723;12/10/19;9/02/20;49;8QN8605O1M28G;887;1723;;;;;;;;;;;;;
superandes_sequence.NEXTVAL;3;36377;13/10/19;10/02/20;11;V719VVL588PR5;787;2955;;;;;;;;;;;;;
superandes_sequence.NEXTVAL;3;69037;14/10/19;11/02/20;55;L0Y28RBPT541Z;932;2526;;;;;;;;;;;;;
superandes_sequence.NEXTVAL;3;59051;15/10/19;12/02/20;7;3Y7RLH2796HIC;697;2115;;;;;;;;;;;;;
superandes_sequence.NEXTVAL;3;75037;16/10/19;13/02/20;93;YY0D9380Y670P;956;2596;;;;;;;;;;;;;
superandes_sequence.NEXTVAL;3;30342;17/10/19;14/02/20;47;4KR122I547U9Y;813;2137;;;;;;;;;;;;;
superandes_sequence.NEXTVAL;3;34178;18/10/19;15/02/20;9;9AU529344OU35;427;2489;;;;;;;;;;;;;
superandes_sequence.NEXTVAL;3;67652;19/10/19;16/02/20;80;H498N8J3K8R9J;426;2234;;;;;;;;;;;;;
superandes_sequence.NEXTVAL;3;54869;20/10/19;17/02/20;59;39A83YQ1TGBHT;777;2108;;;;;;;;;;;;;
superandes_sequence.NEXTVAL;3;68426;21/10/19;18/02/20;99;TV7WO5J8729R7;388;2330;;;;;;;;;;;;;
superandes_sequence.NEXTVAL;3;48774;22/10/19;19/02/20;5;0UUR83M091D67;699;1739;;;;;;;;;;;;;
superandes_sequence.NEXTVAL;3;47502;23/10/19;20/02/20;19;F70O914LIY82T;651;2290;;;;;;;;;;;;;
superandes_sequence.NEXTVAL;3;79509;24/10/19;21/02/20;26;ZQRV527M6OP59;683;2815;;;;;;;;;;;;;
superandes_sequence.NEXTVAL;3;36321;25/10/19;22/02/20;53;920Q42930V32A;220;2506;;;;;;;;;;;;;
superandes_sequence.NEXTVAL;3;75282;26/10/19;23/02/20;33;18Z8X55175UN9;150;2509;;;;;;;;;;;;;
superandes_sequence.NEXTVAL;3;48913;27/10/19;24/02/20;65;D5I3B9OO0F84T;711;2421;;;;;;;;;;;;;
superandes_sequence.NEXTVAL;3;55049;28/10/19;25/02/20;62;T12SD18B7OJEY;542;1618;;;;;;;;;;;;;
superandes_sequence.NEXTVAL;3;75537;29/10/19;26/02/20;70;1U7II9541FS01;817;2409;;;;;;;;;;;;;
superandes_sequence.NEXTVAL;3;47741;30/10/19;27/02/20;88;669VOGN5HQ6B2;684;2717;;;;;;;;;;;;;
superandes_sequence.NEXTVAL;3;36442;31/10/19;28/02/20;45;A3GNTUF50S45X;495;2875;;;;;;;;;;;;;
superandes_sequence.NEXTVAL;3;66834;1/11/19;29/02/20;97;HW1UOX9KM28DU;972;2280;;;;;;;;;;;;;
superandes_sequence.NEXTVAL;3;76018;2/11/19;1/03/20;6;KMB8DPMX435PX;832;2622;;;;;;;;;;;;;
superandes_sequence.NEXTVAL;3;50750;3/11/19;2/03/20;11;FFFY453825FE1;933;1940;;;;;;;;;;;;;
superandes_sequence.NEXTVAL;3;71476;4/11/19;3/03/20;60;9K63HI149QN75;748;2668;;;;;;;;;;;;;
superandes_sequence.NEXTVAL;3;37410;5/11/19;4/03/20;43;621GA124R9J93;858;2857;;;;;;;;;;;;;
superandes_sequence.NEXTVAL;3;57115;6/11/19;5/03/20;78;YZGST137L6H8C;308;2079;;;;;;;;;;;;;
superandes_sequence.NEXTVAL;3;42281;7/11/19;6/03/20;13;Z8GCOU47JC193;724;2028;;;;;;;;;;;;;
superandes_sequence.NEXTVAL;3;73453;8/11/19;7/03/20;36;D5NWI1Z373AC4;894;2957;;;;;;;;;;;;;
superandes_sequence.NEXTVAL;3;54059;9/11/19;8/03/20;24;437N404Q9W38S;234;2153;;;;;;;;;;;;;
superandes_sequence.NEXTVAL;3;48817;10/11/19;9/03/20;44;B9W1WB7ZM892U;153;2340;;;;;;;;;;;;;
superandes_sequence.NEXTVAL;3;64689;11/11/19;10/03/20;55;O6EOVKDRFAIJP;156;2585;;;;;;;;;;;;;
superandes_sequence.NEXTVAL;3;44697;12/11/19;11/03/20;64;3V2F0QLU4M6M6;992;2385;;;;;;;;;;;;;
superandes_sequence.NEXTVAL;3;57472;13/11/19;12/03/20;17;RIV7D561ET8V1;287;2239;;;;;;;;;;;;;
superandes_sequence.NEXTVAL;3;58549;14/11/19;13/03/20;28;2358K8CVQTHH9;475;2640;;;;;;;;;;;;;
superandes_sequence.NEXTVAL;3;31888;15/11/19;14/03/20;10;B1D88X225B557;272;1599;;;;;;;;;;;;;
superandes_sequence.NEXTVAL;3;39904;16/11/19;15/03/20;12;8B7C7Q12ZUATI;127;2911;;;;;;;;;;;;;
superandes_sequence.NEXTVAL;3;45680;17/11/19;16/03/20;13;P00WLS4NB2T0K;356;1689;;;;;;;;;;;;;
superandes_sequence.NEXTVAL;3;32979;18/11/19;17/03/20;81;9O396FHK7U7D2;961;2694;;;;;;;;;;;;;
superandes_sequence.NEXTVAL;3;32066;19/11/19;18/03/20;96;830TBW96JYKY5;298;1773;;;;;;;;;;;;;
superandes_sequence.NEXTVAL;3;41392;20/11/19;19/03/20;84;YAH6V52F0AH1M;767;2132;;;;;;;;;;;;;
superandes_sequence.NEXTVAL;3;53920;21/11/19;20/03/20;9;00N6EE589FK8C;191;2539;;;;;;;;;;;;;
superandes_sequence.NEXTVAL;3;77036;22/11/19;21/03/20;80;42OOLE6JN794L;590;2110;;;;;;;;;;;;;
superandes_sequence.NEXTVAL;3;35224;23/11/19;22/03/20;66;CFS91K6F0T765;256;2473;;;;;;;;;;;;;
superandes_sequence.NEXTVAL;3;66784;24/11/19;23/03/20;35;YST1334U05W01;452;2078;;;;;;;;;;;;;
superandes_sequence.NEXTVAL;3;58685;25/11/19;24/03/20;87;U28EPX37P428N;159;2338;;;;;;;;;;;;;
superandes_sequence.NEXTVAL;3;61344;26/11/19;25/03/20;19;AWW80W349F92R;529;1919;;;;;;;;;;;;;
superandes_sequence.NEXTVAL;3;73101;27/11/19;26/03/20;91;D9L91564526AW;974;1807;;;;;;;;;;;;;
superandes_sequence.NEXTVAL;3;39602;28/11/19;27/03/20;5;A59L21227JHX7;169;2909;;;;;;;;;;;;;
superandes_sequence.NEXTVAL;3;54043;29/11/19;28/03/20;23;TD5XJG0Q4AD28;935;2857;;;;;;;;;;;;;
superandes_sequence.NEXTVAL;3;35998;30/11/19;29/03/20;5;4M3XX9TTE9E06;675;2630;;;;;;;;;;;;;
superandes_sequence.NEXTVAL;3;44089;1/12/19;30/03/20;36;668ND215UK0H7;434;1786;;;;;;;;;;;;;
superandes_sequence.NEXTVAL;3;68824;2/12/19;31/03/20;72;XQ2ETJ2O36WDL;507;2247;;;;;;;;;;;;;
superandes_sequence.NEXTVAL;3;39961;3/12/19;1/04/20;93;UM6HIPK1EZHP9;449;2318;;;;;;;;;;;;;
superandes_sequence.NEXTVAL;3;69015;4/12/19;2/04/20;47;6K6GSG77EQ12G;435;1674;;;;;;;;;;;;;
superandes_sequence.NEXTVAL;3;73406;5/12/19;3/04/20;15;Z18600K7V426K;693;2382;;;;;;;;;;;;;
superandes_sequence.NEXTVAL;3;52110;6/12/19;4/04/20;82;29914UR9NALV6;597;2497;;;;;;;;;;;;;
superandes_sequence.NEXTVAL;3;60180;7/12/19;5/04/20;74;Q69SY89Q30NO5;824;2681;;;;;;;;;;;;;
superandes_sequence.NEXTVAL;3;49429;8/12/19;6/04/20;40;0537044W26L5F;326;1967;;;;;;;;;;;;;
superandes_sequence.NEXTVAL;3;64594;9/12/19;7/04/20;69;G196CX58UU92I;910;1640;;;;;;;;;;;;;
superandes_sequence.NEXTVAL;3;59249;10/12/19;8/04/20;62;5U73NIUYN4JL7;825;2935;;;;;;;;;;;;;
superandes_sequence.NEXTVAL;4;62134,32;11/12/19;9/04/20;39;9AF5LR424492F;1;2;36;;;;;;;;;;;;
superandes_sequence.NEXTVAL;4;21071,58;12/12/19;10/04/20;24;TK2GM791S47H3;1;2;49;;;;;;;;;;;;
superandes_sequence.NEXTVAL;4;46846,8;13/12/19;11/04/20;75;EEC5V4B45KO5I;1;2;32;;;;;;;;;;;;
superandes_sequence.NEXTVAL;4;8883;14/12/19;12/04/20;86;JWI7TMVX2153T;1;2;50;;;;;;;;;;;;
superandes_sequence.NEXTVAL;4;23823,5;15/12/19;13/04/20;70;216893X70RI13;1;2;45;;;;;;;;;;;;
superandes_sequence.NEXTVAL;4;25617,05;16/12/19;14/04/20;75;T94D170APBJ20;1;2;31;;;;;;;;;;;;
superandes_sequence.NEXTVAL;4;17259,76;17/12/19;15/04/20;74;RCP6XMD2UF019;1;2;48;;;;;;;;;;;;
superandes_sequence.NEXTVAL;4;51663;18/12/19;16/04/20;82;4HK281866ZQ9Q;1;2;50;;;;;;;;;;;;
superandes_sequence.NEXTVAL;4;20469,62;19/12/19;17/04/20;28;IXH7KUGR8S21C;1;2;49;;;;;;;;;;;;
superandes_sequence.NEXTVAL;4;29987,76;20/12/19;18/04/20;49;9D97VNGX45828;1;2;48;;;;;;;;;;;;
superandes_sequence.NEXTVAL;4;16606,98;21/12/19;19/04/20;47;C083Q0P4RF54N;1;2;41;;;;;;;;;;;;
superandes_sequence.NEXTVAL;4;7295,4;22/12/19;20/04/20;82;Z18E73SZK34JT;1;2;35;;;;;;;;;;;;
superandes_sequence.NEXTVAL;4;23783,5;23/12/19;21/04/20;40;8067UV9T710U3;1;2;30;;;;;;;;;;;;
superandes_sequence.NEXTVAL;4;57698,86;24/12/19;22/04/20;89;Z0Q210003QLW7;1;2;42;;;;;;;;;;;;
superandes_sequence.NEXTVAL;4;62098,4;25/12/19;23/04/20;26;Z4U1YXTU5ELB0;1;2;30;;;;;;;;;;;;
superandes_sequence.NEXTVAL;4;62874,42;26/12/19;24/04/20;35;HC0XK4EI9X273;1;2;33;;;;;;;;;;;;
superandes_sequence.NEXTVAL;4;21429,66;27/12/19;25/04/20;67;0KUR3B2QIW1E3;1;2;47;;;;;;;;;;;;
superandes_sequence.NEXTVAL;4;55509,2;28/12/19;26/04/20;25;5P0E5I15Q0R0T;1;2;46;;;;;;;;;;;;
superandes_sequence.NEXTVAL;4;50023,55;29/12/19;27/04/20;50;A6R8F0UJGLRU5;1;2;45;;;;;;;;;;;;
superandes_sequence.NEXTVAL;4;27068,53;30/12/19;28/04/20;25;XUPSNXY71HW72;1;2;31;;;;;;;;;;;;
superandes_sequence.NEXTVAL;4;28462,5;31/12/19;29/04/20;7;9Q5ISFHG19NA9;1;2;38;;;;;;;;;;;;
superandes_sequence.NEXTVAL;4;36661,25;1/01/20;30/04/20;19;1BCL7WM3VDMXB;1;2;39;;;;;;;;;;;;
superandes_sequence.NEXTVAL;4;70512;2/01/20;1/05/20;80;643YN7F683G8E;1;2;50;;;;;;;;;;;;
superandes_sequence.NEXTVAL;4;62048,21;3/01/20;2/05/20;50;3P505FB05658U;1;2;39;;;;;;;;;;;;
superandes_sequence.NEXTVAL;4;19378,64;4/01/20;3/05/20;90;08ME9636897EJ;1;2;36;;;;;;;;;;;;
superandes_sequence.NEXTVAL;4;20973,96;5/01/20;4/05/20;30;2DF707BXH02K7;1;2;47;;;;;;;;;;;;
superandes_sequence.NEXTVAL;4;44932,8;6/01/20;5/05/20;34;1079ZYD296LS3;1;2;32;;;;;;;;;;;;
superandes_sequence.NEXTVAL;4;8260;7/01/20;6/05/20;58;77AML3I5KUTC5;1;2;40;;;;;;;;;;;;
superandes_sequence.NEXTVAL;4;65566,2;8/01/20;7/05/20;44;BM6GNMW35HOQX;1;2;34;;;;;;;;;;;;
superandes_sequence.NEXTVAL;4;66950,74;9/01/20;8/05/20;65;3E5805MOG1E2V;1;2;39;;;;;;;;;;;;
superandes_sequence.NEXTVAL;4;27534,24;10/01/20;9/05/20;65;KDVDS3000HJU4;1;2;44;;;;;;;;;;;;
superandes_sequence.NEXTVAL;4;38784,87;11/01/20;10/05/20;86;7T5O53TL8KI8V;1;2;41;;;;;;;;;;;;
superandes_sequence.NEXTVAL;4;46893,73;12/01/20;11/05/20;96;1H7VR4QICJMJ3;1;2;37;;;;;;;;;;;;
superandes_sequence.NEXTVAL;4;9432;13/01/20;12/05/20;67;M43DJMV39AIC1;1;2;44;;;;;;;;;;;;
superandes_sequence.NEXTVAL;4;69089,76;14/01/20;13/05/20;29;XLP7M4ZT46572;1;2;44;;;;;;;;;;;;
superandes_sequence.NEXTVAL;4;54358,2;15/01/20;14/05/20;69;B2D1627152S41;1;2;30;;;;;;;;;;;;
superandes_sequence.NEXTVAL;4;28167,36;16/01/20;15/05/20;25;EEXEJ4LZ7YYR0;1;2;48;;;;;;;;;;;;
superandes_sequence.NEXTVAL;4;34632,9;17/01/20;16/05/20;63;9840OL22P24N7;1;2;35;;;;;;;;;;;;
superandes_sequence.NEXTVAL;4;62284,75;18/01/20;17/05/20;34;711J7NQ4399W3;1;2;45;;;;;;;;;;;;
superandes_sequence.NEXTVAL;4;49089,36;19/01/20;18/05/20;58;148I202724JQ9;1;2;38;;;;;;;;;;;;
superandes_sequence.NEXTVAL;4;48918,76;20/01/20;19/05/20;11;V48Y81JS9H564;1;2;46;;;;;;;;;;;;
superandes_sequence.NEXTVAL;4;21929,06;21/01/20;20/05/20;72;86JV9PY07Q801;1;2;42;;;;;;;;;;;;
superandes_sequence.NEXTVAL;4;11964,7;22/01/20;21/05/20;74;HMJE8943X313C;1;2;46;;;;;;;;;;;;
superandes_sequence.NEXTVAL;4;21682,56;23/01/20;22/05/20;74;4M7D29X9FAQDD;1;2;38;;;;;;;;;;;;
superandes_sequence.NEXTVAL;4;13346,52;24/01/20;23/05/20;63;TY6963VB4Q30P;1;2;32;;;;;;;;;;;;
superandes_sequence.NEXTVAL;4;42891;25/01/20;24/05/20;82;1L6393CZP0Y5J;1;2;50;;;;;;;;;;;;
superandes_sequence.NEXTVAL;4;32527,94;26/01/20;25/05/20;90;58LQ0N65P1G04;1;2;42;;;;;;;;;;;;
superandes_sequence.NEXTVAL;4;69593,43;27/01/20;26/05/20;86;I2O9ZBA3D6N97;1;2;49;;;;;;;;;;;;
superandes_sequence.NEXTVAL;4;23829,61;28/01/20;27/05/20;89;98PB147MM70M7;1;2;33;;;;;;;;;;;;
superandes_sequence.NEXTVAL;4;58788,24;29/01/20;28/05/20;39;LVM1WVT1GK719;1;2;47;;;;;;;;;;;;
superandes_sequence.NEXTVAL;4;30658,6;30/01/20;29/05/20;89;DS474T36K299U;1;2;40;;;;;;;;;;;;
superandes_sequence.NEXTVAL;4;61777,74;31/01/20;30/05/20;75;CT9EMSZG23JZ6;1;2;41;;;;;;;;;;;;
superandes_sequence.NEXTVAL;4;29591,12;1/02/20;31/05/20;3;AA48S47ZTY700;1;2;48;;;;;;;;;;;;
superandes_sequence.NEXTVAL;4;8470,66;2/02/20;1/06/20;55;I615BY7583Y2J;1;2;39;;;;;;;;;;;;
superandes_sequence.NEXTVAL;4;18207,8;3/02/20;2/06/20;10;87056L2H6D67N;1;2;30;;;;;;;;;;;;
superandes_sequence.NEXTVAL;4;59539,92;4/02/20;3/06/20;6;X6FO0Y2X07129;1;2;32;;;;;;;;;;;;
superandes_sequence.NEXTVAL;4;18127,78;5/02/20;4/06/20;5;T3ZD71U5S871M;1;2;31;;;;;;;;;;;;
superandes_sequence.NEXTVAL;4;38815,35;6/02/20;5/06/20;94;93I8ZA6X482VA;1;2;47;;;;;;;;;;;;
superandes_sequence.NEXTVAL;4;41146,77;7/02/20;6/06/20;98;R8T72757N96B1;1;2;47;;;;;;;;;;;;
superandes_sequence.NEXTVAL;4;55935,1;8/02/20;7/06/20;88;X9DLR2L688G2D;1;2;30;;;;;;;;;;;;
superandes_sequence.NEXTVAL;4;17958,99;9/02/20;8/06/20;37;98E9XM431V065;1;2;33;;;;;;;;;;;;
superandes_sequence.NEXTVAL;4;60655,38;10/02/20;9/06/20;26;048T0CF515X2V;1;2;41;;;;;;;;;;;;
superandes_sequence.NEXTVAL;4;52977,33;11/02/20;10/06/20;45;UQ7YY96235HTR;1;2;47;;;;;;;;;;;;
superandes_sequence.NEXTVAL;4;41065,08;12/02/20;11/06/20;87;9PRV0NP79J14F;1;2;33;;;;;;;;;;;;
superandes_sequence.NEXTVAL;4;58291,28;13/02/20;12/06/20;11;S52P329M9LPI0;1;2;48;;;;;;;;;;;;
superandes_sequence.NEXTVAL;4;28744,38;14/02/20;13/06/20;75;6N9N6I6IB56J7;1;2;47;;;;;;;;;;;;
superandes_sequence.NEXTVAL;4;26240,1;15/02/20;14/06/20;16;7NBU51D51J593;1;2;41;;;;;;;;;;;;
superandes_sequence.NEXTVAL;4;8107,44;16/02/20;15/06/20;23;KY39CH1N601GN;1;2;32;;;;;;;;;;;;
superandes_sequence.NEXTVAL;4;53843,56;17/02/20;16/06/20;9;327M58344I1O7;1;2;42;;;;;;;;;;;;
superandes_sequence.NEXTVAL;4;50838,84;18/02/20;17/06/20;12;OUQVOFJY4A21Z;1;2;42;;;;;;;;;;;;
superandes_sequence.NEXTVAL;4;27299,16;19/02/20;18/06/20;54;9P482OM3BKC74;1;2;38;;;;;;;;;;;;
superandes_sequence.NEXTVAL;4;43995;20/02/20;19/06/20;23;93ZWM2L1QBW98;1;2;50;;;;;;;;;;;;
superandes_sequence.NEXTVAL;4;52798,85;21/02/20;20/06/20;69;R10974I6P3665;1;2;45;;;;;;;;;;;;
superandes_sequence.NEXTVAL;4;28275,38;22/02/20;21/06/20;1;3OI208QZ48K5Q;1;2;39;;;;;;;;;;;;
superandes_sequence.NEXTVAL;4;61200,1;23/02/20;22/06/20;9;277835WFLC7R3;1;2;30;;;;;;;;;;;;
superandes_sequence.NEXTVAL;4;48515,04;24/02/20;23/06/20;53;R8ZEZRZD4GXIX;1;2;44;;;;;;;;;;;;
superandes_sequence.NEXTVAL;4;19018,36;25/02/20;24/06/20;11;1DVCO9NV9C086;1;2;49;;;;;;;;;;;;
superandes_sequence.NEXTVAL;4;51956,81;26/02/20;25/06/20;92;23INE3GE4BA61;1;2;39;;;;;;;;;;;;
superandes_sequence.NEXTVAL;4;29719,86;27/02/20;26/06/20;33;PX7I0NN5PT11Z;1;2;34;;;;;;;;;;;;
superandes_sequence.NEXTVAL;4;35878,93;28/02/20;27/06/20;24;H480777E3S24S;1;2;37;;;;;;;;;;;;
superandes_sequence.NEXTVAL;4;28395,99;29/02/20;28/06/20;36;XDXLQI17UQU51;1;2;41;;;;;;;;;;;;
superandes_sequence.NEXTVAL;4;62792,55;1/03/20;29/06/20;15;669033G7XMS47;1;2;35;;;;;;;;;;;;
superandes_sequence.NEXTVAL;4;53967,52;2/03/20;30/06/20;100;C3Q2R1N7EE1O2;1;2;36;;;;;;;;;;;;
superandes_sequence.NEXTVAL;4;29377,35;3/03/20;1/07/20;24;AKQ683HGO95DM;1;2;35;;;;;;;;;;;;
superandes_sequence.NEXTVAL;4;49216,19;4/03/20;2/07/20;70;9DDJSMW1FF4X6;1;2;49;;;;;;;;;;;;
superandes_sequence.NEXTVAL;4;42552,3;5/03/20;3/07/20;49;9NV3ARBNR4CY4;1;2;38;;;;;;;;;;;;
superandes_sequence.NEXTVAL;4;25476,88;6/03/20;4/07/20;1;267T2GO3W5H4P;1;2;31;;;;;;;;;;;;
superandes_sequence.NEXTVAL;4;10662,38;7/03/20;5/07/20;30;59D8ZV7C0YH6Q;1;2;34;;;;;;;;;;;;
superandes_sequence.NEXTVAL;4;21199,2;8/03/20;6/07/20;36;1P9L564Y08ZD0;1;2;32;;;;;;;;;;;;
superandes_sequence.NEXTVAL;4;16485;9/03/20;7/07/20;43;X980S83KQWW2M;1;2;40;;;;;;;;;;;;
superandes_sequence.NEXTVAL;4;48006,26;10/03/20;8/07/20;31;NL86EP4V9RJD5;1;2;31;;;;;;;;;;;;
superandes_sequence.NEXTVAL;4;31518,22;11/03/20;9/07/20;1;GKJ7VNMNQHZY7;1;2;37;;;;;;;;;;;;
superandes_sequence.NEXTVAL;4;63441;12/03/20;10/07/20;74;5FJ5I1WDWSUA7;1;2;50;;;;;;;;;;;;
superandes_sequence.NEXTVAL;4;29661,8;13/03/20;11/07/20;82;32G4281HN7G74;1;2;40;;;;;;;;;;;;
superandes_sequence.NEXTVAL;4;40078,08;14/03/20;12/07/20;15;V4211S82DWD7R;1;2;44;;;;;;;;;;;;
superandes_sequence.NEXTVAL;4;47321,52;15/03/20;13/07/20;19;M3K48405G66F7;1;2;48;;;;;;;;;;;;
superandes_sequence.NEXTVAL;4;35046,07;16/03/20;14/07/20;20;012TNP5LN7L5M;1;2;39;;;;;;;;;;;;
superandes_sequence.NEXTVAL;4;18241,42;17/03/20;15/07/20;19;J94P62E34MZ1S;1;2;34;;;;;;;;;;;;
superandes_sequence.NEXTVAL;4;63675,2;18/03/20;16/07/20;95;76A8TXU7GN001;1;2;36;;;;;;;;;;;;
superandes_sequence.NEXTVAL;4;45763,68;19/03/20;17/07/20;43;A0811483MDN08;1;2;34;;;;;;;;;;;;
superandes_sequence.NEXTVAL;5;70675;20/03/20;18/07/20;88;;;;;;;;;;;;;;;;
superandes_sequence.NEXTVAL;5;52156;21/03/20;19/07/20;29;;;;;;;;;;;;;;;;
superandes_sequence.NEXTVAL;5;42654;22/03/20;20/07/20;39;;;;;;;;;;;;;;;;
superandes_sequence.NEXTVAL;5;47309;23/03/20;21/07/20;16;;;;;;;;;;;;;;;;
superandes_sequence.NEXTVAL;5;48295;24/03/20;22/07/20;15;;;;;;;;;;;;;;;;
superandes_sequence.NEXTVAL;5;71678;25/03/20;23/07/20;75;;;;;;;;;;;;;;;;
superandes_sequence.NEXTVAL;5;35880;26/03/20;24/07/20;37;;;;;;;;;;;;;;;;
superandes_sequence.NEXTVAL;5;47054;27/03/20;25/07/20;37;;;;;;;;;;;;;;;;
superandes_sequence.NEXTVAL;5;47150;28/03/20;26/07/20;6;;;;;;;;;;;;;;;;
superandes_sequence.NEXTVAL;5;33966;29/03/20;27/07/20;89;;;;;;;;;;;;;;;;
superandes_sequence.NEXTVAL;5;77746;30/03/20;28/07/20;95;;;;;;;;;;;;;;;;
superandes_sequence.NEXTVAL;5;61494;31/03/20;29/07/20;70;;;;;;;;;;;;;;;;
superandes_sequence.NEXTVAL;5;69650;1/04/20;30/07/20;27;;;;;;;;;;;;;;;;
superandes_sequence.NEXTVAL;5;32132;2/04/20;31/07/20;45;;;;;;;;;;;;;;;;
superandes_sequence.NEXTVAL;5;71968;3/04/20;1/08/20;64;;;;;;;;;;;;;;;;
superandes_sequence.NEXTVAL;5;71645;4/04/20;2/08/20;60;;;;;;;;;;;;;;;;
superandes_sequence.NEXTVAL;5;32174;5/04/20;3/08/20;60;;;;;;;;;;;;;;;;
superandes_sequence.NEXTVAL;5;74542;6/04/20;4/08/20;73;;;;;;;;;;;;;;;;
superandes_sequence.NEXTVAL;5;73672;7/04/20;5/08/20;12;;;;;;;;;;;;;;;;
superandes_sequence.NEXTVAL;5;51665;8/04/20;6/08/20;74;;;;;;;;;;;;;;;;
superandes_sequence.NEXTVAL;5;76234;9/04/20;7/08/20;67;;;;;;;;;;;;;;;;
superandes_sequence.NEXTVAL;5;51242;10/04/20;8/08/20;76;;;;;;;;;;;;;;;;
superandes_sequence.NEXTVAL;5;31098;11/04/20;9/08/20;64;;;;;;;;;;;;;;;;
superandes_sequence.NEXTVAL;5;70010;12/04/20;10/08/20;13;;;;;;;;;;;;;;;;
superandes_sequence.NEXTVAL;5;42153;13/04/20;11/08/20;3;;;;;;;;;;;;;;;;
superandes_sequence.NEXTVAL;5;44387;14/04/20;12/08/20;98;;;;;;;;;;;;;;;;
superandes_sequence.NEXTVAL;5;58137;15/04/20;13/08/20;55;;;;;;;;;;;;;;;;
superandes_sequence.NEXTVAL;5;40158;16/04/20;14/08/20;73;;;;;;;;;;;;;;;;
superandes_sequence.NEXTVAL;5;72546;17/04/20;15/08/20;69;;;;;;;;;;;;;;;;
superandes_sequence.NEXTVAL;5;30939;18/04/20;16/08/20;13;;;;;;;;;;;;;;;;
superandes_sequence.NEXTVAL;5;74694;19/04/20;17/08/20;75;;;;;;;;;;;;;;;;
superandes_sequence.NEXTVAL;5;75051;20/04/20;18/08/20;97;;;;;;;;;;;;;;;;
superandes_sequence.NEXTVAL;5;39293;21/04/20;19/08/20;22;;;;;;;;;;;;;;;;
superandes_sequence.NEXTVAL;5;70887;22/04/20;20/08/20;72;;;;;;;;;;;;;;;;
superandes_sequence.NEXTVAL;5;42490;23/04/20;21/08/20;22;;;;;;;;;;;;;;;;
superandes_sequence.NEXTVAL;5;57543;24/04/20;22/08/20;8;;;;;;;;;;;;;;;;
superandes_sequence.NEXTVAL;5;79532;25/04/20;23/08/20;91;;;;;;;;;;;;;;;;
superandes_sequence.NEXTVAL;5;64698;26/04/20;24/08/20;6;;;;;;;;;;;;;;;;
superandes_sequence.NEXTVAL;5;47058;27/04/20;25/08/20;24;;;;;;;;;;;;;;;;
superandes_sequence.NEXTVAL;5;53109;28/04/20;26/08/20;19;;;;;;;;;;;;;;;;
superandes_sequence.NEXTVAL;5;50199;29/04/20;27/08/20;28;;;;;;;;;;;;;;;;
superandes_sequence.NEXTVAL;5;47745;30/04/20;28/08/20;4;;;;;;;;;;;;;;;;
superandes_sequence.NEXTVAL;5;34828;1/05/20;29/08/20;53;;;;;;;;;;;;;;;;
superandes_sequence.NEXTVAL;5;52049;2/05/20;30/08/20;95;;;;;;;;;;;;;;;;
superandes_sequence.NEXTVAL;5;58024;3/05/20;31/08/20;70;;;;;;;;;;;;;;;;
superandes_sequence.NEXTVAL;5;53511;4/05/20;1/09/20;90;;;;;;;;;;;;;;;;
superandes_sequence.NEXTVAL;5;73725;5/05/20;2/09/20;18;;;;;;;;;;;;;;;;
superandes_sequence.NEXTVAL;5;43882;6/05/20;3/09/20;41;;;;;;;;;;;;;;;;
superandes_sequence.NEXTVAL;5;36567;7/05/20;4/09/20;89;;;;;;;;;;;;;;;;
superandes_sequence.NEXTVAL;5;31210;8/05/20;5/09/20;43;;;;;;;;;;;;;;;;
superandes_sequence.NEXTVAL;5;59645;9/05/20;6/09/20;62;;;;;;;;;;;;;;;;
superandes_sequence.NEXTVAL;5;32956;10/05/20;7/09/20;76;;;;;;;;;;;;;;;;
superandes_sequence.NEXTVAL;5;58466;11/05/20;8/09/20;88;;;;;;;;;;;;;;;;
superandes_sequence.NEXTVAL;5;59757;12/05/20;9/09/20;89;;;;;;;;;;;;;;;;
superandes_sequence.NEXTVAL;5;38670;13/05/20;10/09/20;41;;;;;;;;;;;;;;;;
superandes_sequence.NEXTVAL;5;75783;14/05/20;11/09/20;65;;;;;;;;;;;;;;;;
superandes_sequence.NEXTVAL;5;39219;15/05/20;12/09/20;39;;;;;;;;;;;;;;;;
superandes_sequence.NEXTVAL;5;76588;16/05/20;13/09/20;11;;;;;;;;;;;;;;;;
superandes_sequence.NEXTVAL;5;50648;17/05/20;14/09/20;63;;;;;;;;;;;;;;;;
superandes_sequence.NEXTVAL;5;55602;18/05/20;15/09/20;78;;;;;;;;;;;;;;;;
superandes_sequence.NEXTVAL;5;49625;19/05/20;16/09/20;58;;;;;;;;;;;;;;;;
superandes_sequence.NEXTVAL;5;65593;20/05/20;17/09/20;46;;;;;;;;;;;;;;;;
superandes_sequence.NEXTVAL;5;61636;21/05/20;18/09/20;60;;;;;;;;;;;;;;;;
superandes_sequence.NEXTVAL;5;36248;22/05/20;19/09/20;1;;;;;;;;;;;;;;;;
superandes_sequence.NEXTVAL;5;44533;23/05/20;20/09/20;85;;;;;;;;;;;;;;;;
superandes_sequence.NEXTVAL;5;33805;24/05/20;21/09/20;8;;;;;;;;;;;;;;;;
superandes_sequence.NEXTVAL;5;35826;25/05/20;22/09/20;69;;;;;;;;;;;;;;;;
superandes_sequence.NEXTVAL;5;65651;26/05/20;23/09/20;43;;;;;;;;;;;;;;;;
superandes_sequence.NEXTVAL;5;61558;27/05/20;24/09/20;69;;;;;;;;;;;;;;;;
superandes_sequence.NEXTVAL;5;37302;28/05/20;25/09/20;26;;;;;;;;;;;;;;;;
superandes_sequence.NEXTVAL;5;53142;29/05/20;26/09/20;53;;;;;;;;;;;;;;;;
superandes_sequence.NEXTVAL;5;49501;30/05/20;27/09/20;68;;;;;;;;;;;;;;;;
superandes_sequence.NEXTVAL;5;38182;31/05/20;28/09/20;53;;;;;;;;;;;;;;;;
superandes_sequence.NEXTVAL;5;64446;1/06/20;29/09/20;86;;;;;;;;;;;;;;;;
superandes_sequence.NEXTVAL;5;30180;2/06/20;30/09/20;96;;;;;;;;;;;;;;;;
superandes_sequence.NEXTVAL;5;56086;3/06/20;1/10/20;96;;;;;;;;;;;;;;;;
superandes_sequence.NEXTVAL;5;55016;4/06/20;2/10/20;30;;;;;;;;;;;;;;;;
superandes_sequence.NEXTVAL;5;62107;5/06/20;3/10/20;46;;;;;;;;;;;;;;;;
superandes_sequence.NEXTVAL;5;62485;6/06/20;4/10/20;54;;;;;;;;;;;;;;;;
superandes_sequence.NEXTVAL;5;77676;7/06/20;5/10/20;13;;;;;;;;;;;;;;;;
superandes_sequence.NEXTVAL;5;34066;8/06/20;6/10/20;51;;;;;;;;;;;;;;;;
superandes_sequence.NEXTVAL;5;63257;9/06/20;7/10/20;42;;;;;;;;;;;;;;;;
superandes_sequence.NEXTVAL;5;52620;10/06/20;8/10/20;10;;;;;;;;;;;;;;;;
superandes_sequence.NEXTVAL;5;47869;11/06/20;9/10/20;45;;;;;;;;;;;;;;;;
superandes_sequence.NEXTVAL;5;56854;12/06/20;10/10/20;57;;;;;;;;;;;;;;;;
superandes_sequence.NEXTVAL;5;69810;13/06/20;11/10/20;67;;;;;;;;;;;;;;;;
superandes_sequence.NEXTVAL;5;69607;14/06/20;12/10/20;17;;;;;;;;;;;;;;;;
superandes_sequence.NEXTVAL;5;51784;15/06/20;13/10/20;91;;;;;;;;;;;;;;;;
superandes_sequence.NEXTVAL;5;78464;16/06/20;14/10/20;26;;;;;;;;;;;;;;;;
superandes_sequence.NEXTVAL;5;37329;17/06/20;15/10/20;80;;;;;;;;;;;;;;;;
superandes_sequence.NEXTVAL;5;68677;18/06/20;16/10/20;95;;;;;;;;;;;;;;;;
superandes_sequence.NEXTVAL;5;58096;19/06/20;17/10/20;49;;;;;;;;;;;;;;;;
superandes_sequence.NEXTVAL;5;34411;20/06/20;18/10/20;26;;;;;;;;;;;;;;;;
superandes_sequence.NEXTVAL;5;74067;21/06/20;19/10/20;90;;;;;;;;;;;;;;;;
superandes_sequence.NEXTVAL;5;41996;22/06/20;20/10/20;100;;;;;;;;;;;;;;;;
superandes_sequence.NEXTVAL;5;75467;23/06/20;21/10/20;63;;;;;;;;;;;;;;;;
superandes_sequence.NEXTVAL;5;76840;24/06/20;22/10/20;9;;;;;;;;;;;;;;;;
superandes_sequence.NEXTVAL;5;33420;25/06/20;23/10/20;61;;;;;;;;;;;;;;;;
superandes_sequence.NEXTVAL;5;36488;26/06/20;24/10/20;89;;;;;;;;;;;;;;;;
superandes_sequence.NEXTVAL;5;40438;27/06/20;25/10/20;29;;;;;;;;;;;;;;;;